{
    "randomTargets": {
        "xmin": -0.23,
        "xmax": -0.14,
        "xstep": 0.04,
        "ymin": -0.19,
        "ymax": -0.1,
        "ystep": 0.04,
        "zmin": 0.08,
        "zmax": 0.18,
        "zstep": 0.04,
        "timeout": 10,
        "seed": 5
    },
    "p2p": {
        "points_right": [
            [
                -0.232,
                0.258,
                0.021,
                -0.1477,
                -0.7912,
                0.5933,
                3.0637
            ],
            [
                -0.264,
                0.032,
                0.034,
                -0.112,
                0.9935,
                0.01514,
                3.1355
            ]
        ],
        "points_left": [
            [
                -0.232,
                -0.258,
                0.021,
                -0.1477,
                0.5933,
                -0.7912,
                3.0637
            ],
            [
                -0.264,
                -0.032,
                0.034,
                -0.112,
                0.01514,
                0.9935,
                3.1355
            ]
        ],
        "p2p_reps": 3,
        "p2p_period": 10
    },
    "circle": {
        "center": [
            -0.299,
            -0.074,
            0.1
        ],
        "radius": 0.08,
        "freq": 0.1,
        "time": 30
    },
    "circle_big": {
        "center": [
            -0.299,
            -0.074,
            0.1
        ],
        "radius": 0.1,
        "freq": 0.1,
        "time": 30
    },
    "circle_small": {
        "center": [
            -0.299,
            -0.1,
            0.1
        ],
        "radius": 0.06,
        "freq": 0.1,
        "time": 30
    }
}